original,closest_match
"['<s>', 'satisfying', '</s>']","['<s>', 'double', 'burger,', 'super', 'satisfying,', 'filling', '</s>']"
"['<s>', 'highly', 'recommend', '</s>']","['<s>', 'highly', 'recommend,', 'place', '</s>']"
"['<s>', 'beautiful', '</s>']","['<s>', 'beautiful', 'scenery,', 'spectacular,', 'mountain', '</s>']"
"['<s>', 'recommend,', 'specialty', '</s>']","['<s>', 'recommend', 'women,', 'specialty', 'care', '</s>']"
"['<s>', 'shop,', 'clean,', 'comfortable', '</s>']","['<s>', 'felt,', 'comfortable,', 'shop,', 'hard', '</s>']"
"['<s>', 'no,', 'fair', 'price,', 'job', '</s>']","['<s>', 'job,', 'fair', 'price', '</s>']"
"['<s>', 'waste', '</s>']","['<s>', 'disappointing', 'food,', 'waste', '</s>']"
"['<s>', 'hungry,', 'constantly,', 'soda', '</s>']","['<s>', 'shift,', 'hungry', '</s>']"
"['<s>', 'groups,', 'really', 'unique', '!', '</s>']","['<s>', 'tasty,', 'neat,', 'bar,', 'really', 'unique', 'experience', '</s>']"
"['<s>', 'mother,', 'cold', '</s>']","['<s>', 'brother,', 'mother,', 'chicken,', 'cold,', 'dry', '</s>']"
"['<s>', 'friendly,', 'helpful', '</s>']","['<s>', 'counter,', 'friendly,', 'helpful', '</s>']"
"['<s>', 'amazing', 'too,', 'recommend,', 'peanut', 'butter', '</s>']","['<s>', 'peanut', 'butter', 'bar,', 'amazing,', '!', '</s>']"
"['<s>', 'dragged', '</s>']","['<s>', 'dragged,', 'bed,', 'falling', 'apart', '</s>']"
"['<s>', 'excited', '</s>']","['<s>', 'excited,', 'fried', 'chicken', '</s>']"
"['<s>', 'returning', '</s>']","['<s>', 'myself,', 'family,', 'returning', '</s>']"
"['<s>', 'beer,', 'incredible', '</s>']","['<s>', 'incredible', 'beer,', 'friendly', '</s>']"
"['<s>', 'is', 'worth,', '!', '</s>']","['<s>', 'is', 'definitely', 'worth,', 'money', '</s>']"
"['<s>', 'soggy', '</s>']","['<s>', 'food,', 'disgusting,', 'raw', 'chicken,', 'cold,', 'soggy', '</s>']"
"['<s>', 'bar,', 'awful', 'food', '</s>']","['<s>', 'awful,', 'food', '</s>']"
"['<s>', 'small,', 'iceberg,', 'dressing', '</s>']","['<s>', 'serve,', 'limp', 'iceberg,', 'bland', 'dressing', '</s>']"
"['<s>', 'relaxed', 'atmosphere', '</s>']","['<s>', 'clean,', 'relaxed', 'atmosphere', '</s>']"
"['<s>', 'dollars,', 'glass', '</s>']","['<s>', 'green', 'olives,', 'dollars', '</s>']"
"['<s>', 'technique,', 'poor', '</s>']","['<s>', 'poor,', 'teeth', '</s>']"
"['<s>', 'cool', 'spot,', 'recommend', '</s>']","['<s>', 'cool', 'spot', '</s>']"
"['<s>', 'dry', '</s>']","['<s>', 'dry,', 'sticking', '</s>']"
"['<s>', 'fantastic', '</s>']","['<s>', 'fantastic,', '!', '</s>']"
"['<s>', 'rooms,', 'hotel,', 'clean,', 'fantastic', '</s>']","['<s>', 'is,', 'great', 'hotel,', 'rooms,', 'clean', '</s>']"
"['<s>', 'outstanding', '</s>']","['<s>', 'steak,', 'outstanding', '</s>']"
"['<s>', 'right,', 'meal,', 'felt', 'comfortably', '</s>']","['<s>', 'love,', 'value', 'meal,', 'right', '</s>']"
"['<s>', 'far,', 'food', '</s>']","['<s>', 'food', '""nt""', '</s>']"
"['<s>', 'delightful', '</s>']","['<s>', 'delightful', 'presentation,', 'flow', '</s>']"
"['<s>', 'not,', 'kids', '</s>']","['<s>', 'kids,', 'not', '</s>']"
"['<s>', 'vegetables', '""nt""', 'clean', 'taste', '</s>']","['<s>', 'vegetables,', 'taste,', 'texture', '</s>']"
"['<s>', 'food', '</s>']","['<s>', 'deli,', 'food', '</s>']"
"['<s>', 'always,', 'winner', '</s>']","['<s>', 'combo,', 'always,', 'winner', '</s>']"
"['<s>', 'joke', '</s>']","['<s>', 'place,', 'absolute,', 'joke', '</s>']"
"['<s>', 'recommend,', 'guests', '</s>']","['<s>', 'highly', 'recommend', '</s>']"
"['<s>', 'love,', 'place', '</s>']","['<s>', 'absolutely', 'love,', 'place', '</s>']"
"['<s>', 'count', '</s>']","['<s>', 'count,', 'business', '</s>']"
"['<s>', 'annoying', '</s>']","['<s>', 'annoying,', 'shop', '</s>']"
"['<s>', 'terrible', '</s>']","['<s>', 'food,', 'terrible', '</s>']"
"['<s>', 'cheap', '</s>']","['<s>', 'cheap', 'drink', 'specials', '</s>']"
"['<s>', 'great,', 'price', '</s>']","['<s>', 'great', 'change,', 'great', 'price', '</s>']"
"['<s>', 'beautiful,', 'comfortable', 'especially', 'bowling', '</s>']","['<s>', 'beautiful', 'architecture,', 'amazing,', 'seats', 'comfortable', '</s>']"
"['<s>', 'friend,', 'pizza,', 'really', 'good', '</s>']","['<s>', 'pizza,', 'little', 'greasy,', 'really', 'good', '</s>']"
"['<s>', 'menu,', 'none', '</s>']","['<s>', 'menu,', 'kids,', 'none', '</s>']"
"['<s>', 'felt', '</s>']","['<s>', 'ultimately,', 'felt,', 'factory', '</s>']"
"['<s>', 'cold,', 'chewy,', 'blah', '</s>']","['<s>', 'chicken,', 'cold,', 'blah', '</s>']"
"['<s>', 'mind', '</s>']","['<s>', 'much,', 'mind', '</s>']"
"['<s>', 'fi', '</s>']","['<s>', 'love,', 'fast,', 'fi', '</s>']"
"['<s>', 'calling', 'corporate,', 'unacceptable', '</s>']","['<s>', 'calling', 'corporate,', 'complain', '</s>']"
"['<s>', 'disgusting', '</s>']","['<s>', 'pizza,', 'disgusting', '</s>']"
"['<s>', 'strange', '</s>']","['<s>', 'frankly,', 'tasteless,', 'texture,', 'strange', '</s>']"
"['<s>', 'company', '</s>']","['<s>', 'needless', '""nt""', 'company', '</s>']"
"['<s>', 'cream', 'cheese,', 'pad', '</s>']","['<s>', 'roll,', 'cream', 'cheese,', 'filled', '</s>']"
"['<s>', 'dive,', 'clean', '</s>']","['<s>', 'is,', 'great', 'little', 'clean', 'dive', 'bar', '</s>']"
"['<s>', 'place,', 'great', 'for', '</s>']","['<s>', 'place', 'is', 'great', 'for', '</s>']"
"['<s>', 'busy,', 'waited,', 'seated', '</s>']","['<s>', 'front,', 'waited,', 'seated', '</s>']"
"['<s>', 'specials,', 'always', 'great,', 'delicious', '</s>']","['<s>', 'food,', 'delicious,', 'always', 'great', '</s>']"
"['<s>', 'gross,', 'disgusting,', 'rip', '</s>']","['<s>', 'food,', 'disgusting,', 'gross', '</s>']"
"['<s>', 'perfectly', 'prepared', '</s>']","['<s>', 'everything', 'perfectly', 'prepared', '</s>']"
"['<s>', 'fresh,', 'perfectly', '</s>']","['<s>', 'pizza', 'tastes', 'perfectly,', 'fresh', 'ingredients', '</s>']"
"['<s>', 'amazing', 'service', '</s>']","['<s>', 'amazing', 'service,', 'modest', '</s>']"
"['<s>', 'great,', 'great', 'film', '</s>']","['<s>', 'clean,', 'friendly,', 'great,', 'film', '</s>']"
"['<s>', 'vomit', 'smell,', 'mornings', '</s>']","['<s>', 'smell,', 'vomit,', 'urine', '</s>']"
"['<s>', 'pride,', 'combined,', 'great', 'attitudes', 'makes', 'memorable', 'occasion', '</s>']","['<s>', 'guy', 'makes,', 'great', 'pie', '</s>']"
"['<s>', 'water,', 'water', '</s>']","['<s>', 'water,', 'barely', '</s>']"
"['<s>', 'cool', '</s>']","['<s>', 'super', 'cool', '</s>']"
"['<s>', 'place', '</s>']","['<s>', 'place', 'sucks,', '!', '</s>']"
"['<s>', 'clean', '</s>']","['<s>', 'clean,', 'mess', '</s>']"
"['<s>', 'hearing', '</s>']","['<s>', 'sick,', 'hearing', '</s>']"
"['<s>', 'great', 'food', '</s>']","['<s>', 'great,', 'food,', 'deli', 'department', '</s>']"
"['<s>', 'poor,', 'slow', '</s>']","['<s>', 'slow,', 'seasoned,', 'poor', '</s>']"
"['<s>', 'fate', '</s>']","['<s>', 'convinced,', 'fate', '</s>']"
"['<s>', 'parking,', 'good', '</s>']","['<s>', 'good', 'service,', 'parking,', 'grocery', 'store', '</s>']"
"['<s>', '""nt""', '</s>']","['<s>', 'terrible', '</s>']"
"['<s>', 'music,', 'play,', 'awful', '</s>']","['<s>', 'bar,', 'attentive,', 'music,', 'awful', '</s>']"
"['<s>', 'like,', 'menu', '</s>']","['<s>', 'like,', 'menu', 'items', '</s>']"
"['<s>', 'dollar', 'sandwich,', 'drain', '</s>']","['<s>', 'not,', 'dollar', 'sandwich', '</s>']"
"['<s>', 'mess,', 'zero', '</s>']","['<s>', 'zero', '</s>']"
"['<s>', 'love,', 'selection,', 'chocolate', '</s>']","['<s>', 'love,', 'selection', '</s>']"
"['<s>', 'cars', '</s>']","['<s>', 'great', 'selection,', 'cars,', 'cars', '</s>']"
"['<s>', 'room,', 'key', '""nt""', '</s>']","['<s>', 'room,', 'key', '</s>']"
"['<s>', 'lunch', '</s>']","['<s>', 'frozen', 'lunch', 'meat', '</s>']"
"['<s>', 'chicken,', 'wonderful,', 'fun,', 'group', '</s>']","['<s>', 'chicken', 'strips,', 'wonderful,', '!', '</s>']"
"['<s>', 'elsewhere,', 'car', '</s>']","['<s>', 'clean,', 'car,', 'elsewhere', '</s>']"
"['<s>', 'worries,', 'food', '</s>']","['<s>', 'worst', 'food', '</s>']"
"['<s>', 'frozen', 'meat,', 'sausage', '</s>']","['<s>', 'frozen,', 'rolled,', 'lunch', 'meat', '</s>']"
"['<s>', 'stopped,', 'lunch', '</s>']","['<s>', 'stopped,', 'lunch,', 'opera', '</s>']"
"['<s>', 'bad', '</s>']","['<s>', 'food,', 'bad', '</s>']"
"['<s>', 'nice', '</s>']","['<s>', 'amazing', 'selection,', 'nice', '</s>']"
"['<s>', 'baked', 'goods,', 'wraps', '</s>']","['<s>', 'baked', 'goods', '</s>']"
"['<s>', 'excellent', 'beer', 'selection', '</s>']","['<s>', 'good', 'menu,', 'bar,', 'excellent', 'selection', 'beer', '</s>']"
"['<s>', 'loud,', 'apartments', '</s>']","['<s>', 'dollar', 'bowl,', 'loud', '</s>']"
"['<s>', 'enjoyed,', 'coffee', '</s>']","['<s>', 'enjoyed,', 'coffee,', 'hangover,', 'water', '</s>']"
"['<s>', 'car', '</s>']","['<s>', 'based,', 'car', '</s>']"
"['<s>', 'food,', 'fantastic', '</s>']","['<s>', 'absolutely', 'fantastic', 'food', '</s>']"
"['<s>', 'great', 'too', '</s>']","['<s>', 'love,', 'great', 'too', '</s>']"
"['<s>', 'illegal,', 'pet,', 'car', '</s>']","['<s>', '""nt""', 'car', '</s>']"
"['<s>', 'darker', '</s>']","['<s>', 'miss,', 'darker', 'setting,', 'booths', '</s>']"
"['<s>', 'great', 'service', '</s>']","['<s>', 'great,', 'service', '</s>']"
"['<s>', 'cozy,', 'good', 'coffee', '</s>']","['<s>', 'good', 'coffee', '</s>']"
"['<s>', 'favorites', '</s>']","['<s>', 'steak', 'special,', 'chicken,', 'favorites', '</s>']"
"['<s>', 'definitely,', 'best', '</s>']","['<s>', 'best,', 'definitely', '</s>']"
"['<s>', 'worth', '</s>']","['<s>', '""s""', 'worth,', 'drive', '</s>']"
"['<s>', 'great', 'stop,', 'airport', '</s>']","['<s>', 'great', 'airport', '</s>']"
"['<s>', 'menu,', 'fish,', 'good,', '!', '</s>']","['<s>', 'lucky,', 'good', 'menu,', 'options', '</s>']"
"['<s>', 'ate,', 'miracle', 'mile', '""""', '</s>']","['<s>', 'miracle', 'mile', 'beat,', 'retreat', '</s>']"
"['<s>', 'flavor,', 'pretty', 'close,', 'butter', '</s>']","['<s>', 'comes', 'pretty', 'close', '</s>']"
"['<s>', 'green', 'tea,', 'hit,', 'spot', '</s>']","['<s>', 'place,', 'hit,', 'spot', '</s>']"
"['<s>', 'wonderful,', 'meal', '</s>']","['<s>', 'thanks,', 'wonderful', 'meal', '</s>']"
"['<s>', 'poor,', 'cold', 'coffee,', 'food', '</s>']","['<s>', 'cold', 'poor,', 'tasteless', 'food,', 'horrible', '</s>']"
"['<s>', 'blah', 'blah', 'blah', '</s>']","['<s>', 'chicken,', 'cold,', 'blah', '</s>']"
"['<s>', 'great', '</s>']","['<s>', 'great', 'deli,', 'grocery', '</s>']"
"['<s>', 'center,', 'wheels,', 'crappy', 'parking', '</s>']","['<s>', 'crappy', 'parking', '</s>']"
"['<s>', 'love,', 'place,', '!', '</s>']","['<s>', 'absolutely', 'love,', 'place', '</s>']"
"['<s>', 'except,', 'failed', '</s>']","['<s>', 'failed', '</s>']"
"['<s>', 'not', '</s>']","['<s>', 'not,', 'returning', '</s>']"
"['<s>', 'lunch', 'menu,', 'excellent', '</s>']","['<s>', 'excellent,', 'lunch', 'menu', '</s>']"
"['<s>', 'awesome', '</s>']","['<s>', 'great', 'sweet', 'treats,', 'awesome', '</s>']"
"['<s>', 'entree', '</s>']","['<s>', 'sketchy,', 'served,', 'entree', '</s>']"
"['<s>', 'equipment', '</s>']","['<s>', 'equipment,', 'disgusting', '</s>']"
"['<s>', 'back', '</s>']","['<s>', 'bite,', 'back,', 'memories', '</s>']"
"['<s>', 'solid,', 'food', '</s>']","['<s>', 'food,', 'solid', '</s>']"
"['<s>', 'grounds', '</s>']","['<s>', 'museum,', 'grounds', '</s>']"
"['<s>', 'hamburgers', '</s>']","['<s>', 'hamburgers,', 'horrible', '</s>']"
"['<s>', 'mess', '</s>']","['<s>', 'left,', 'mess', 'she,', 'clean', '</s>']"
"['<s>', 'rude,', 'never,', 'pet', '</s>']","['<s>', 'never,', 'pet', '</s>']"
"['<s>', 'stars', '</s>']","['<s>', 'stars,', 'portions', '</s>']"
"['<s>', 'definitely', 'go', 'back', '</s>']","['<s>', 'definitely', 'recommend,', 'go', 'back', '</s>']"
"['<s>', 'figured,', 'try', '</s>']","['<s>', 'walking', 'distance,', 'figured,', 'try', '</s>']"
"['<s>', 'oil', '</s>']","['<s>', 'synthetic', 'blend', 'oil', '</s>']"
"['<s>', 'soul', 'food,', 'joint', '</s>']","['<s>', 'great', 'small,', 'authentic,', 'food', 'joint', '</s>']"
"['<s>', 'charged', '</s>']","['<s>', 'charged,', 'unnecessary', 'supplies,', 'poor', 'service', '</s>']"
"['<s>', 'definitely', 'small,', 'love,', 'seat', '</s>']","['<s>', 'definitely', 'love,', 'place', '</s>']"
"['<s>', 'lazy', '</s>']","['<s>', 'lady,', 'crew,', 'lazy', '</s>']"
"['<s>', 'tasty', '</s>']","['<s>', 'coffee,', 'damn', 'tasty', '</s>']"
"['<s>', 'went,', 'return,', 'box,', 'not,', 'tree', '</s>']","['<s>', 'not', 'return', '</s>']"
"['<s>', 'menu,', 'decent', 'atmosphere', '</s>']","['<s>', 'decent', 'menu,', 'bar', 'food', '</s>']"
"['<s>', 'walked', '</s>']","['<s>', 'walked,', 'hit,', 'bathroom', 'smell', '</s>']"
"['<s>', 'cute,', 'quirky', '</s>']","['<s>', 'cute', 'inside', '</s>']"
"['<s>', '""nt""', 'eat', '</s>']","['<s>', 'eat,', 'not', '</s>']"
"['<s>', 'filling', '</s>']","['<s>', 'favorite,', 'filling', '</s>']"
"['<s>', 'wonderful', '</s>']","['<s>', 'professional,', 'absolutely', 'wonderful', 'food', '</s>']"
"['<s>', 'worst', '</s>']","['<s>', 'hotel,', 'worst,', 'felt', '</s>']"
"['<s>', 'annoying', '</s>']","['<s>', 'annoying,', 'shop', '</s>']"
"['<s>', 'amazing', '</s>']","['<s>', 'place', 'is', 'amazing,', '!', '</s>']"
"['<s>', 'desert', '</s>']","['<s>', 'best,', 'desert', '</s>']"
"['<s>', 'extra,', 'park,', 'car', '</s>']","['<s>', 'even', 'gold,', 'extra,', 'car', '</s>']"
"['<s>', 'try', '</s>']","['<s>', 'great', 'food,', 'friendly,', 'try', '</s>']"
"['<s>', 'is', '</s>']","['<s>', 'is,', 'absolute', 'worst', '</s>']"
"['<s>', 'great', '</s>']","['<s>', 'great', 'deli,', 'grocery', '</s>']"
"['<s>', 'need', '</s>']","['<s>', 'hash,', 'need', '</s>']"
"['<s>', 'helpful', '</s>']","['<s>', 'gracious,', 'helpful,', '!', '</s>']"
"['<s>', 'super', 'friendly', '</s>']","['<s>', 'super', 'friendly,', 'perfectly', 'attentive', '</s>']"
"['<s>', 'manager,', 'hill', '</s>']","['<s>', 'manager,', 'synthetic', '</s>']"
"['<s>', 'highly', 'recommend', '</s>']","['<s>', 'highly', 'recommend,', 'place', '</s>']"
"['<s>', 'unfortunately', '""nt""', 'trust', '</s>']","['<s>', 'unfortunately', 'eating', '</s>']"
"['<s>', 'always,', 'good', '</s>']","['<s>', 'food,', 'always', 'good', '</s>']"
"['<s>', 'disappointed,', 'food', '</s>']","['<s>', 'disappointed,', 'food,', 'lack', '</s>']"
"['<s>', 'great', 'place', '</s>']","['<s>', 'is,', 'excellent', 'place,', 'great', 'atmosphere', '</s>']"
"['<s>', 'very', 'authentic,', 'delicious', '</s>']","['<s>', 'food,', 'very', 'authentic,', 'delicious,', 'fast', 'hot', '</s>']"
"['<s>', 'worst', '</s>']","['<s>', 'hotel,', 'worst,', 'felt', '</s>']"
"['<s>', 'hoping', '</s>']","['<s>', 'tried,', 'hoping,', 'experience', '</s>']"
"['<s>', 'awesome', 'beer,', 'food', '</s>']","['<s>', 'awesome', 'food,', 'fun', 'atmosphere,', 'great', 'beer', 'amazing', '</s>']"
"['<s>', 'bland,', 'slow,', 'no', '</s>']","['<s>', 'food,', 'bland,', 'no', 'taste', '</s>']"
"['<s>', 'food,', 'amazing,', '!', '</s>']","['<s>', 'amazing', 'food', '</s>']"
"['<s>', 'real', 'pros', '</s>']","['<s>', 'pros', '</s>']"
"['<s>', 'service,', 'friendly', '</s>']","['<s>', 'very', 'friendly,', 'great', 'service', '</s>']"
"['<s>', 'rolls,', 'awesome', '</s>']","['<s>', 'spring', 'rolls,', 'awesome,', 'always', 'tasty', '</s>']"
"['<s>', 'atmosphere,', 'noisy', 'cafeteria', '</s>']","['<s>', 'atmosphere,', 'noisy', '</s>']"
"['<s>', 'nothing', '</s>']","['<s>', '<empty>', '</s>']"
"['<s>', 'sloppy', '</s>']","['<s>', 'happy,', 'sloppy', '</s>']"
"['<s>', 'too', '</s>']","['<s>', 'husband,', 'too,', 'done', '</s>']"
"['<s>', 'frank,', 'great', '</s>']","['<s>', 'great', 'for', 'eating', '</s>']"
"['<s>', 'threw,', 'caught,', 'bug', '</s>']","['<s>', 'stopped', 'eating,', 'threw,', 'trash', 'disgusted', '</s>']"
"['<s>', 'barbecue', 'items', '</s>']","['<s>', 'items', '</s>']"
"['<s>', 'recommend,', 'highly,', '!', '</s>']","['<s>', 'highly', 'recommend,', 'place', '</s>']"
"['<s>', 'authentic,', 'cuisine', '</s>']","['<s>', 'is,', 'classic,', 'cuisine,', 'authentic', 'food', '</s>']"
"['<s>', 'great', 'clips,', 'great,', '!', '</s>']","['<s>', 'love,', 'great', 'clips', '</s>']"
"['<s>', 'business', '</s>']","['<s>', 'office', 'max,', 'business', '</s>']"
"['<s>', 'dinner', 'fish', '</s>']","['<s>', 'fish', 'dinner,', 'head', '</s>']"
"['<s>', 'totally', 'happy,', 'experience', '</s>']","['<s>', 'happy,', 'experience', '</s>']"
"['<s>', 'always', 'great', '</s>']","['<s>', 'food,', 'always', 'great,', 'fair', '</s>']"
"['<s>', 'losing', 'money', '</s>']","['<s>', 'not,', 'money', '</s>']"
"['<s>', 'went,', 'ate', '</s>']","['<s>', 'ate,', 'went,', 'pee', '</s>']"
"['<s>', 'steak,', 'perfectly', '</s>']","['<s>', 'steak,', 'perfectly,', 'tender,', 'juice', 'flavorful', '</s>']"
"['<s>', 'building', '</s>']","['<s>', 'car,', 'building,', 'attendant', 'damage', '</s>']"
"['<s>', 'sound', 'so', 'delicious,', '!', '</s>']","['<s>', 'food,', 'so', 'delicious', '</s>']"
"['<s>', 'horrible', '</s>']","['<s>', 'horrible,', 'location', '</s>']"
"['<s>', 'score', '</s>']","['<s>', 'easy,', 'score,', 'stars', '</s>']"
"['<s>', 'sandwich,', 'amazing,', '!', '</s>']","['<s>', 'chicken', 'sandwich,', 'hot,', 'juicy,', 'amazing', '</s>']"
"['<s>', 'friendly', '</s>']","['<s>', 'extremely', 'friendly', '</s>']"
"['<s>', 'was,', 'wife,', 'loved', '</s>']","['<s>', 'wife', 'loved', '</s>']"
"['<s>', 'patch', '</s>']","['<s>', 'paint,', 'bad', 'patch', '</s>']"
"['<s>', 'awful', 'awful', 'awful', '</s>']","['<s>', 'awful,', 'food', '</s>']"
"['<s>', 'would', 'highly', 'recommend,', 'dentist', '</s>']","['<s>', 'would', 'highly', 'recommend', '</s>']"
"['<s>', 'chicken,', 'really', 'amazing,', '!', '</s>']","['<s>', 'is', 'really', 'amazing', '</s>']"
"['<s>', 'crowd,', 'satisfied', '</s>']","['<s>', 'always', 'wonderful,', 'satisfied', '</s>']"
"['<s>', 'very', 'clean', '</s>']","['<s>', 'very', 'clean,', 'organized', '</s>']"
"['<s>', 'place,', 'gone,', 'throat', '</s>']","['<s>', 'place,', 'gone,', 'hill', '</s>']"
"['<s>', 'one,', 'best', '</s>']","['<s>', 'one,', 'best,', 'shop', '</s>']"
"['<s>', 'gross', '</s>']","['<s>', 'seemed', 'gross,', 'chewy', '</s>']"
"['<s>', 'is,', 'great', 'place,', 'food', '</s>']","['<s>', 'place', 'is', 'awesome,', 'food,', 'great,', '!', '</s>']"
"['<s>', 'thank,', 'rock,', 'great', 'attitude,', 'wonderful', '</s>']","['<s>', 'great', 'bar,', 'wonderful', 'attitude', '</s>']"
"['<s>', 'worst', '</s>']","['<s>', 'hotel,', 'worst,', 'felt', '</s>']"
"['<s>', 'rip', '</s>']","['<s>', 'club,', 'rip', '</s>']"
"['<s>', 'cool', '</s>']","['<s>', 'super', 'cool', '</s>']"
"['<s>', 'filled,', 'mouth,', 'holes', '</s>']","['<s>', 'bad', 'taste,', 'mouth', '</s>']"
"['<s>', 'feast', '</s>']","['<s>', 'parking,', 'ready,', 'feast', '</s>']"
"['<s>', 'no', '</s>']","['<s>', 'no', 'food', '</s>']"
"['<s>', 'stinks', '</s>']","['<s>', 'lobby', 'stinks', '</s>']"
"['<s>', 'dreadful', 'meal', '</s>']","['<s>', 'meal', '</s>']"
"['<s>', 'wonderful', 'family', 'doctor', '</s>']","['<s>', 'wonderful', 'place,', 'family,', 'walking,', 'lord', '</s>']"
"['<s>', 'nasty', '</s>']","['<s>', 'chicken,', 'nasty', '</s>']"
"['<s>', 'beer,', 'gross,', 'warm,', 'fun', '</s>']","['<s>', 'fun,', 'beer', 'choices', '</s>']"
"['<s>', 'good,', '!', '</s>']","['<s>', 'meat,', 'soft,', 'good', 'flavor', '</s>']"
"['<s>', 'frozen', 'salt', 'water', '</s>']","['<s>', 'practically,', 'boiled', 'salt', 'water', '</s>']"
"['<s>', 'ice', 'cream,', 'great', '</s>']","['<s>', 'great,', 'fashioned', 'ice', 'cream', 'parlor', '</s>']"
"['<s>', 'magic', '</s>']","['<s>', 'love,', 'retro', 'feel,', 'watching,', 'magic', 'glass', '</s>']"
"['<s>', 'no', '</s>']","['<s>', 'no', 'food', '</s>']"
"['<s>', '""nt""', 'attentive', '</s>']","['<s>', 'attentive', '</s>']"
"['<s>', 'orange', '</s>']","['<s>', 'make,', 'best', 'orange', 'chicken', '</s>']"
"['<s>', 'clean,', 'inviting,', 'nice', 'helpful', '</s>']","['<s>', 'clean,', 'nice,', 'helpful', '</s>']"
"['<s>', 'star,', 'bad', '</s>']","['<s>', 'move,', 'star,', 'bad,', 'experience', '</s>']"
"['<s>', 'son', '</s>']","['<s>', 'son,', 'smothered', 'steak,', 'bomb', '</s>']"
"['<s>', 'simple,', 'perfectly', '</s>']","['<s>', 'simple,', 'prepared', 'perfectly', '</s>']"
"['<s>', 'one,', 'great', 'wine', '</s>']","['<s>', 'one', 'is,', 'great', 'one', '</s>']"
"['<s>', 'fake', '</s>']","['<s>', 'fake,', 'industry', '</s>']"
"['<s>', 'gross', '</s>']","['<s>', 'seemed', 'gross,', 'chewy', '</s>']"
"['<s>', 'hole,', 'wall', '</s>']","['<s>', 'hole,', 'wall,', 'crack', '</s>']"
"['<s>', 'max', '</s>']","['<s>', 'charge,', 'dollars,', 'max', '</s>']"
"['<s>', 'attitude', '</s>']","['<s>', 'hostess,', 'attitude', '</s>']"
"['<s>', 'ridiculous', '</s>']","['<s>', 'noise,', 'ridiculous', '</s>']"
"['<s>', 'burrito,', 'simply', 'amazing,', '!', '</s>']","['<s>', 'burrito,', 'amazing', '</s>']"
"['<s>', 'definitely', 'recommend', '</s>']","['<s>', 'definitely', 'recommend,', 'family', '</s>']"
"['<s>', 'nice', '</s>']","['<s>', 'amazing', 'selection,', 'nice', '</s>']"
"['<s>', 'paint', 'smell,', 'headache', '</s>']","['<s>', 'doors,', 'paint,', 'smell', 'dust,', 'mold', '</s>']"
"['<s>', 'is,', 'far,', 'favorite', '</s>']","['<s>', 'is,', 'far,', 'favorite,', 'eat', '</s>']"
"['<s>', 'loaded,', 'not', '</s>']","['<s>', 'not', '</s>']"
"['<s>', 'spot', '</s>']","['<s>', 'spot,', 'is', 'it,', '!', '</s>']"
"['<s>', 'tasteless', '</s>']","['<s>', 'soggy,', 'greasy,', 'tasteless', 'mess', '</s>']"
"['<s>', 'thank', 'you', '</s>']","['<s>', 'thank', 'you,', 'incredible', 'job', '</s>']"
"['<s>', 'car', '</s>']","['<s>', 'based,', 'car', '</s>']"
"['<s>', 'great', 'experience', '</s>']","['<s>', 'experience,', 'great,', '!', '</s>']"
"['<s>', 'food,', 'rushed', '</s>']","['<s>', 'food,', 'rushed,', 'lacked', 'flavor', '</s>']"
"['<s>', 'soft', 'touch', '</s>']","['<s>', 'soft', 'serve,', 'ice', 'cream', '</s>']"
"['<s>', 'poor,', 'clueless', '</s>']","['<s>', 'poor,', 'teeth', '</s>']"
"['<s>', 'soup,', 'oil', '</s>']","['<s>', 'menu,', 'soup,', 'oil', '</s>']"
"['<s>', 'great', 'food,', 'great', 'service', '</s>']","['<s>', 'great', 'service,', 'food,', 'flavor', '</s>']"
"['<s>', 'oops,', 'sorry', '</s>']","['<s>', 'sorry', '</s>']"
"['<s>', 'is,', 'really', 'lovely', 'place,', 'nails', '</s>']","['<s>', 'place', 'is', 'really,', 'great', 'place', '</s>']"
"['<s>', 'everything', '</s>']","['<s>', 'aside,', 'makes', 'everything', '</s>']"
"['<s>', 'beer', '</s>']","['<s>', 'drinking', 'beer', '</s>']"
"['<s>', 'poorly', '</s>']","['<s>', 'poorly,', 'bathroom', '</s>']"
"['<s>', 'highly', 'recommend', '</s>']","['<s>', 'highly', 'recommend,', 'place', '</s>']"
"['<s>', 'easy,', 'parking', '</s>']","['<s>', 'easy,', 'location,', 'parking', '</s>']"
"['<s>', 'fast,', 'tasty', '</s>']","['<s>', 'fast,', 'tasty', 'food,', 'experience', '</s>']"
"['<s>', 'clean,', 'friendly,', 'good,', 'kid', '</s>']","['<s>', 'friendly', 'fast,', 'clean,', 'good', 'variety', 'menu', '</s>']"
"['<s>', 'refused', '</s>']","['<s>', 'mein,', 'refused', '</s>']"
"['<s>', 'walked', '</s>']","['<s>', 'walked,', 'hit,', 'bathroom', 'smell', '</s>']"
"['<s>', 'super', 'nice', '</s>']","['<s>', 'super', 'nice,', 'friendly', '</s>']"
"['<s>', 'is,', 'best', '</s>']","['<s>', 'is,', 'best', 'food', '</s>']"
"['<s>', 'beers', '</s>']","['<s>', 'beers,', 'keg', '</s>']"
"['<s>', 'pleasant', '</s>']","['<s>', 'pleasant,', 'atmosphere', '</s>']"
"['<s>', 'disappointed,', 'treated', '</s>']","['<s>', 'disappointed,', 'appalled,', 'treated', '</s>']"
"['<s>', 'friendly,', 'organized', '</s>']","['<s>', 'organized,', 'clean,', 'friendly,', 'selection', 'thanks', '</s>']"
"['<s>', 'bad,', 'diner,', 'neighborhood', '</s>']","['<s>', 'neighborhood,', 'bad,', 'customers', '</s>']"
"['<s>', 'family,', 'quick,', 'good', 'value', '</s>']","['<s>', 'quick,', 'great', 'cut,', 'good', 'value', '</s>']"
"['<s>', 'not,', 'never', '</s>']","['<s>', 'never', 'return,', 'not', '</s>']"
"['<s>', 'mall', 'food', '</s>']","['<s>', 'worse,', 'food,', 'mall', '</s>']"
"['<s>', 'options,', 'sweet', '</s>']","['<s>', 'great', 'sweet', 'treats,', 'awesome', '</s>']"
"['<s>', 'not,', 'puppy', '</s>']","['<s>', 'not,', 'puppy', 'mill', 'dogs', '</s>']"
"['<s>', 'best', 'dive', 'bar', '</s>']","['<s>', '<empty>', '</s>']"
"['<s>', 'perfect,', 'table,', 'comfortable', '</s>']","['<s>', 'seats,', 'comfortable,', 'sound,', 'perfect', '</s>']"
"['<s>', 'nice', 'atmosphere', '</s>']","['<s>', 'nice,', 'atmosphere', '</s>']"
"['<s>', 'best,', 'food,', 'great', 'price,', 'fantastic', 'selection', '</s>']","['<s>', 'fantastic', 'food,', 'great', 'price', '</s>']"
"['<s>', 'hurry', '</s>']","['<s>', 'staring,', 'hurry', '</s>']"
"['<s>', 'back', '</s>']","['<s>', 'went', 'back,', 'weekend', '</s>']"
"['<s>', 'wrong', '</s>']","['<s>', 'wrong,', 'filter', '</s>']"
"['<s>', 'fed,', 'useless', '</s>']","['<s>', 'fed,', 'manager', '</s>']"
"['<s>', 'terrible', '</s>']","['<s>', 'food,', 'terrible', '</s>']"
"['<s>', 'worst', '</s>']","['<s>', 'hotel,', 'worst,', 'felt', '</s>']"
"['<s>', 'menu', '</s>']","['<s>', 'menu,', 'nothing', 'healthy', '</s>']"
"['<s>', 'sucked', '</s>']","['<s>', 'sucked,', 'walked,', 'door', '</s>']"
"['<s>', 'service,', 'quality', '</s>']","['<s>', 'impressed,', 'service,', 'quality', 'food', '</s>']"
"['<s>', 'apparently', '</s>']","['<s>', 'apparently,', 'too', '</s>']"
"['<s>', 'halfway,', 'burger,', 'returns', '</s>']","['<s>', 'stopped,', 'fire,', 'burger', '</s>']"
"['<s>', 'taste,', 'filler', '</s>']","['<s>', 'frozen', '""nt""', 'taste', '</s>']"
"['<s>', 'relieved', '</s>']","['<s>', 'spell', '</s>']"
"['<s>', 'pizza', '</s>']","['<s>', 'pizza,', 'cold', '</s>']"
"['<s>', 'wrong', '</s>']","['<s>', 'wrong,', 'filter', '</s>']"
"['<s>', 'atmosphere', '</s>']","['<s>', 'worse,', 'atmosphere', '</s>']"
"['<s>', 'food,', 'underwhelming', '</s>']","['<s>', 'underwhelming,', 'food,', 'not', '</s>']"
"['<s>', 'friend', 'recommended,', 'area', '</s>']","['<s>', 'plumbing', 'company,', 'recommended,', 'friend', '</s>']"
"['<s>', 'great', 'authentic,', 'food,', 'service,', 'feels', 'home', '</s>']","['<s>', 'great', 'service,', 'excellent', 'food,', 'home', 'filling', '</s>']"
"['<s>', 'no', '</s>']","['<s>', 'no', 'food', '</s>']"
"['<s>', 'fresh,', 'store', '</s>']","['<s>', 'store,', 'items,', 'clean,', 'fresh', '</s>']"
"['<s>', 'dipped,', 'dressing', '</s>']","['<s>', 'dressing', '</s>']"
"['<s>', 'spicy', 'tuna,', 'tasty', '</s>']","['<s>', 'spicy', 'tuna', 'roll,', 'great,', '!', '</s>']"
"['<s>', 'amazing', 'experience', '</s>']","['<s>', 'experience,', 'food,', 'amazing,', '!', '</s>']"
"['<s>', 'raw', 'dough', '</s>']","['<s>', 'pizza,', 'not,', 'dough,', 'raw', '</s>']"
"['<s>', 'amazing,', 'great', 'wine', 'selection', '</s>']","['<s>', 'good', 'food,', 'great', 'wine', 'selection', '</s>']"
"['<s>', 'waited,', 'disgusted,', 'walked', '</s>']","['<s>', 'waited,', 'workers', 'walked', '</s>']"
"['<s>', 'fish,', 'awesome', 'too', '</s>']","['<s>', 'food,', 'awesome', 'inside,', 'too', '</s>']"
"['<s>', 'negative', '</s>']","['<s>', 'negative', 'star', '</s>']"
"['<s>', 'food,', 'not', '</s>']","['<s>', 'disappointment,', 'poor,', 'food,', 'not', '</s>']"
"['<s>', 'shop', '</s>']","['<s>', 'easy,', 'shop,', 'aisles', '</s>']"
"['<s>', 'great', '</s>']","['<s>', 'great', 'deli,', 'grocery', '</s>']"
"['<s>', 'replaced', '</s>']","['<s>', 'burger,', 'wrong,', 'replaced', '</s>']"
"['<s>', 'amazing', 'food,', 'outstanding,', 'favorite', 'destination', '</s>']","['<s>', 'food,', 'amazing,', 'favorite,', '!', '</s>']"
"['<s>', 'great', '</s>']","['<s>', 'great', 'deli,', 'grocery', '</s>']"
"['<s>', 'not', '</s>']","['<s>', 'not,', 'returning', '</s>']"
"['<s>', 'appetizing,', 'sounds', '</s>']","['<s>', 'appetizing,', 'food', '</s>']"
"['<s>', 'pleasantly', 'surprised', '</s>']","['<s>', 'pleasantly', 'surprised,', 'options', '</s>']"
"['<s>', 'neighborhood', '</s>']","['<s>', 'great', 'little,', 'food,', 'neighborhood', '</s>']"
"['<s>', 'loving,', 'best', '</s>']","['<s>', 'family,', 'best', '</s>']"
"['<s>', 'caring', '</s>']","['<s>', 'extremely', 'caring,', 'dedicated', '</s>']"
"['<s>', 'horrible', 'service', '</s>']","['<s>', '<empty>', '</s>']"
"['<s>', 'cold', '</s>']","['<s>', 'food,', 'disgusting,', 'raw', 'chicken,', 'cold,', 'soggy', '</s>']"
"['<s>', 'great', 'service', '</s>']","['<s>', 'great,', 'service', '</s>']"
"['<s>', 'lively,', 'atmosphere', 'really', 'sets,', 'apart', '</s>']","['<s>', 'really,', 'gravy,', 'sets,', 'delight', 'apart', '</s>']"
"['<s>', 'perfect', '</s>']","['<s>', 'perfect,', 'menu,', 'great', 'deal', '</s>']"
"['<s>', 'interaction,', 'caused', '</s>']","['<s>', 'family', 'emergency', 'caused', '</s>']"
"['<s>', 'women,', 'life', '</s>']","['<s>', 'wonderful', 'musical,', 'women,', 'journey', 'life', '</s>']"
"['<s>', 'solid', '</s>']","['<s>', 'mothers,', 'sweet,', 'solid', 'service', '</s>']"
"['<s>', 'great', 'service', '</s>']","['<s>', 'great,', 'service', '</s>']"
"['<s>', 'shopping', '</s>']","['<s>', 'love', 'shopping', '</s>']"
"['<s>', 'excellent,', 'quick,', 'friendly', '</s>']","['<s>', 'excellent', 'coffee,', 'quick,', 'friendly', '</s>']"
"['<s>', 'love,', 'hospital', '</s>']","['<s>', 'love,', 'love,', 'animal', 'hospital', '</s>']"
"['<s>', 'awesome', 'too', '</s>']","['<s>', 'awesome,', 'too', '</s>']"
"['<s>', 'friendly', 'service,', 'fast', '</s>']","['<s>', 'fast', 'friendly', 'service', '</s>']"
"['<s>', 'fried', 'outer', 'shell,', 'chicken', '</s>']","['<s>', 'fried,', 'meal,', 'chicken', 'fried', '</s>']"
"['<s>', 'wrong', '</s>']","['<s>', 'wrong,', 'filter', '</s>']"
"['<s>', 'baked', '</s>']","['<s>', 'entree,', 'baked', 'potato', '</s>']"
"['<s>', 'miles', '</s>']","['<s>', 'miles,', 'worth,', 'drive', '</s>']"
"['<s>', 'never', '</s>']","['<s>', 'never,', 'spot', '</s>']"
"['<s>', 'wish', '</s>']","['<s>', 'wish,', 'returning', '</s>']"
"['<s>', 'wrong', '</s>']","['<s>', 'wrong,', 'filter', '</s>']"
"['<s>', 'always', 'good', 'good', '</s>']","['<s>', 'food,', 'always', 'good', '</s>']"
"['<s>', 'food,', 'always', 'delicious,', 'perfection', '</s>']","['<s>', 'food,', 'always', 'delicious', '</s>']"
"['<s>', 'try,', 'soup,', 'tasty,', 'warm', '</s>']","['<s>', 'try,', 'soup', '</s>']"
"['<s>', 'unbelievable', '</s>']","['<s>', 'unbelievable,', 'incompetent,', 'company', 'claims', '</s>']"
"['<s>', 'equally,', 'exceptional', '</s>']","['<s>', 'line,', 'exceptional,', 'service', '</s>']"
"['<s>', 'job', '</s>']","['<s>', 'rude', 'hostess,', 'lose,', 'job', '</s>']"
"['<s>', 'definitely', 'worth,', 'trip', '</s>']","['<s>', 'definitely', 'worth,', 'unexpected,', 'trip', '</s>']"
"['<s>', 'highly', 'recommend,', 'team', '</s>']","['<s>', 'highly', 'recommend,', 'wonderful', 'husband,', 'wife', 'team', '</s>']"
"['<s>', 'nails,', 'messy', '</s>']","['<s>', 'messy', '</s>']"
"['<s>', 'style,', 'hair', '</s>']","['<s>', 'hair', 'style', '</s>']"
"['<s>', 'amazing,', '!', '</s>']","['<s>', 'place', 'is', 'amazing,', '!', '</s>']"
"['<s>', 'great', 'food,', 'nice', '</s>']","['<s>', 'food', 'tastes', 'fresh,', 'nice', 'portions,', 'great', 'variety', '</s>']"
"['<s>', 'pie,', 'mediocre', '</s>']","['<s>', 'trap,', 'mediocre', 'pie', '</s>']"
"['<s>', 'no,', 'whatsoever', '</s>']","['<s>', 'enterprise,', 'premises,', 'no,', 'whatsoever', '</s>']"
"['<s>', 'dreadful', '</s>']","['<s>', 'drab', 'smelly', 'dreadful', '</s>']"
"['<s>', 'rip', '</s>']","['<s>', 'club,', 'rip', '</s>']"
"['<s>', 'quick,', 'job', '</s>']","['<s>', 'guys,', 'quick,', 'great', 'job', '</s>']"
"['<s>', 'flavor', '</s>']","['<s>', 'pleased,', 'food,', 'flavor,', 'authentic', '</s>']"
"['<s>', 'delicious', 'orange', 'chicken', '</s>']","['<s>', 'orange', 'chicken,', 'delicious', '</s>']"
"['<s>', 'horrible', '</s>']","['<s>', 'horrible,', 'location', '</s>']"
"['<s>', 'lady', '</s>']","['<s>', 'lady,', 'rude', '</s>']"
"['<s>', 'sadly,', 'happened', '</s>']","['<s>', 'happened', 'sadly', '</s>']"
"['<s>', 'sneaky', '</s>']","['<s>', 'terrible', '</s>']"
"['<s>', 'amazing', 'plates', '</s>']","['<s>', 'portions,', 'plates,', 'generous,', 'amazing', '</s>']"
"['<s>', 'baked,', 'scratch,', 'delicious', '</s>']","['<s>', 'selection,', 'baked', 'goods', 'delicious', '</s>']"
"['<s>', 'too,', 'portions', '</s>']","['<s>', 'too', 'hard,', 'small', 'portions', '</s>']"
"['<s>', 'food,', 'very', 'good', '</s>']","['<s>', 'family,', 'food,', 'very', 'good,', '!', '</s>']"
"['<s>', 'smooth,', 'easy,', 'convenient', '</s>']","['<s>', 'super', 'easy,', 'fast,', 'convenient', '</s>']"
"['<s>', 'wife', 'loves', '</s>']","['<s>', 'wife', 'loves,', 'are,', 'absolute', 'favorite', '</s>']"
"['<s>', 'star', '</s>']","['<s>', 'hate,', 'star', '</s>']"
"['<s>', 'disaster', '</s>']","['<s>', 'spare,', 'disaster', '</s>']"
"['<s>', 'friendly', '</s>']","['<s>', 'extremely', 'friendly', '</s>']"
"['<s>', 'great', 'ice', 'tea', '</s>']","['<s>', 'great', 'place,', 'awesome', 'food,', 'ice', 'tea', '</s>']"
"['<s>', 'star', '</s>']","['<s>', 'hate,', 'star', '</s>']"
"['<s>', 'run,', 'smoky', '</s>']","['<s>', 'place,', 'run', '</s>']"
"['<s>', 'amazing', '</s>']","['<s>', 'place', 'is', 'amazing,', '!', '</s>']"
"['<s>', 'sorry', '</s>']","['<s>', 'sorry,', 'signs', '</s>']"
"['<s>', 'strange,', 'window,', 'terrible', 'food', '</s>']","['<s>', 'food,', 'strange,', 'terrible', '</s>']"
"['<s>', 'not', '</s>']","['<s>', 'not,', 'returning', '</s>']"
"['<s>', 'building,', 'box', 'crafted,', 'wood', '</s>']","['<s>', 'box', 'building', 'stores,', 'good', '</s>']"
"['<s>', 'food,', 'horrible', '</s>']","['<s>', 'horrible,', 'food,', 'bland', '</s>']"
"['<s>', 'great,', 'flat', '</s>']","['<s>', 'great', 'for', 'eating', '</s>']"
"['<s>', 'food,', 'food', '</s>']","['<s>', 'worst', 'food', '</s>']"
"['<s>', 'wedding,', 'service,', 'wedding', '</s>']","['<s>', 'unnecessary', 'stress,', 'wedding', '</s>']"
"['<s>', 'wife,', 'love,', 'here', '</s>']","['<s>', 'wife,', 'love,', 'here,', '!', '</s>']"
"['<s>', 'coffee,', 'great,', '!', '</s>']","['<s>', 'good', 'food,', 'great', 'coffee,', 'decent', 'price', '</s>']"
"['<s>', 'poor', 'lighting', '</s>']","['<s>', 'lighting,', 'poor,', 'lose', '</s>']"
"['<s>', 'friendly', '</s>']","['<s>', 'extremely', 'friendly', '</s>']"
"['<s>', 'nasty', '</s>']","['<s>', 'chicken,', 'nasty', '</s>']"
"['<s>', 'food,', 'no', 'flavor', 'whatsoever', '</s>']","['<s>', 'no,', 'flavor', 'whatsoever', '</s>']"
"['<s>', 'terrible', '</s>']","['<s>', 'food,', 'terrible', '</s>']"
"['<s>', 'one', 'of,', 'best', '</s>']","['<s>', 'is', 'one', 'of,', 'best', '</s>']"
"['<s>', 'quick,', 'friendly', '</s>']","['<s>', 'friendly,', 'quick', '</s>']"
"['<s>', 'waste', '</s>']","['<s>', 'disappointing', 'food,', 'waste', '</s>']"
"['<s>', 'eat', '</s>']","['<s>', 'eat,', 'not', '</s>']"
"['<s>', 'love,', 'place,', '!', '</s>']","['<s>', 'absolutely', 'love,', 'place', '</s>']"
"['<s>', 'bring,', 'food', '</s>']","['<s>', 'bring,', 'friends,', 'authentic', 'delicious', 'food', '</s>']"
"['<s>', 'ugly,', 'skin,', 'okay', '</s>']","['<s>', 'okay,', 'minimal,', 'skin', '</s>']"
"['<s>', 'dressed,', 'juice', '</s>']","['<s>', 'sandwich,', 'dressed,', 'tasty', 'dressing', '</s>']"
"['<s>', 'do', 'not,', 'artist', '</s>']","['<s>', 'do', 'not,', 'hotel', '</s>']"
"['<s>', 'dog,', 'treat', 'bag', '</s>']","['<s>', 'dog', 'treat', '</s>']"
"['<s>', 'wedding,', 'guests', '</s>']","['<s>', 'unnecessary', 'stress,', 'wedding', '</s>']"
"['<s>', 'there', '</s>']","['<s>', 'horrible,', 'there', '</s>']"
"['<s>', 'went', '</s>']","['<s>', 'went', 'back,', 'weekend', '</s>']"
"['<s>', 'thank', '</s>']","['<s>', 'thank', 'you,', 'incredible', 'job', '</s>']"
"['<s>', 'courtesy', '</s>']","['<s>', 'courtesy,', 'lacking', '</s>']"
"['<s>', 'hopefully,', 'nothing', '</s>']","['<s>', 'nothing', '</s>']"
"['<s>', 'food,', 'really', 'fresh', '</s>']","['<s>', 'really', 'enjoy,', 'food,', 'always', 'fresh', 'delicious', '</s>']"
"['<s>', 'guys', 'are', 'great,', '!', '</s>']","['<s>', 'guys', 'are', 'great', '</s>']"
"['<s>', 'fresh,', 'tasty', '</s>']","['<s>', 'pizza,', 'fresh,', 'tasty', '</s>']"
"['<s>', 'favorite', 'places,', 'food', '</s>']","['<s>', 'is', 'one,', 'favorite', 'places,', 'food', '</s>']"
"['<s>', 'brother,', 'girlfriend,', 'baby', 'shower', '</s>']","['<s>', 'baby', 'shower', '</s>']"
"['<s>', '""d""', '</s>']","['<s>', 'terrible', '</s>']"
"['<s>', 'perfect', 'flavor', '</s>']","['<s>', 'nice', 'flavor,', 'dry,', 'perfect', 'grease', 'level', '</s>']"
"['<s>', 'is,', 'closest,', 'house', '</s>']","['<s>', 'unfortunately,', 'is,', 'closest', 'location,', 'ice', 'cream', 'house', '</s>']"
"['<s>', 'register', '</s>']","['<s>', 'walks,', 'closer,', 'register', '</s>']"
"['<s>', 'fabulous,', 'rolls,', 'head', '</s>']","['<s>', 'fabulous', 'service,', 'well', 'crafted,', 'rolls', '</s>']"
"['<s>', 'great', 'choice', '</s>']","['<s>', 'great', 'choice,', 'shop', 'food', '</s>']"
"['<s>', 'parking', '</s>']","['<s>', 'parking,', 'horrible', '</s>']"
"['<s>', 'garage', '</s>']","['<s>', 'parking', 'garage', '</s>']"
"['<s>', 'best', 'one', '</s>']","['<s>', 'one,', 'best,', 'shop', '</s>']"
"['<s>', 'took,', 'back', '</s>']","['<s>', 'back', '</s>']"
"['<s>', 'casual', 'atmosphere,', 'football', '</s>']","['<s>', 'service,', 'fantastic,', 'atmosphere,', 'super', 'clean,', 'upscale', 'casual', '</s>']"
"['<s>', 'mother', 'dough,', 'bad', '</s>']","['<s>', 'bad,', 'mother', '</s>']"
"['<s>', 'plan,', 'impressed', '</s>']","['<s>', 'impressed,', 'planning', '</s>']"
"['<s>', 'not', '</s>']","['<s>', 'not,', 'returning', '</s>']"
"['<s>', 'quality,', 'friendly', '</s>']","['<s>', 'friendly,', 'good', 'quality', '</s>']"
"['<s>', 'always', 'stellar', '</s>']","['<s>', 'always,', 'stellar', '</s>']"
"['<s>', 'gas', 'station,', 'nice', 'convenience', '</s>']","['<s>', 'nice', 'car', 'wash,', 'gas', 'station', 'well', '</s>']"
"['<s>', 'place,', 'enjoy', '</s>']","['<s>', 'enjoy,', 'place', '</s>']"
"['<s>', 'mini', 'train', 'museum,', 'best,', 'place', '</s>']","['<s>', 'nice', 'place,', 'kids,', 'train', 'museum', '</s>']"
"['<s>', 'iced', 'coffee,', 'good,', '...,', 'coffee', 'drinker', '</s>']","['<s>', 'delicious', 'iced,', 'coffee', 'good', '</s>']"
"['<s>', 'lunch,', 'ruined', '</s>']","['<s>', 'literally', 'ruined,', 'night', '</s>']"
"['<s>', 'poor,', 'worst', 'food', '</s>']","['<s>', 'worst,', 'poor,', 'food', '</s>']"
"['<s>', 'mom,', 'biscuit', '</s>']","['<s>', 'mom,', 'walker', '</s>']"
"['<s>', 'food,', 'bland', '</s>']","['<s>', 'bland', 'food', '</s>']"
"['<s>', 'cake', '</s>']","['<s>', 'tier', 'cake', '</s>']"
"['<s>', 'not,', 'ticket,', 'name', '</s>']","['<s>', 'not', '</s>']"
"['<s>', 'worst,', 'earth', '</s>']","['<s>', 'worst,', 'planet', 'earth', '</s>']"
"['<s>', 'beautiful', '</s>']","['<s>', 'beautiful', 'scenery,', 'spectacular,', 'mountain', '</s>']"
"['<s>', 'coffee,', 'pleasantly', 'surprised', 'options', '</s>']","['<s>', 'pleasantly', 'surprised,', 'options', '</s>']"
"['<s>', 'fresh', '</s>']","['<s>', 'fresh,', 'authentic', '</s>']"
"['<s>', 'great,', 'food,', 'friendly', '</s>']","['<s>', 'great', 'food,', 'friendly,', 'try', '</s>']"
"['<s>', 'far,', 'good,', '!', '</s>']","['<s>', 'far,', 'food,', 'good,', '!', '</s>']"
"['<s>', 'so', 'happy', '</s>']","['<s>', 'shot,', 'so', 'happy', '</s>']"
"['<s>', 'definitely', 'made,', 'choice', '</s>']","['<s>', 'made,', 'right', 'choice', '</s>']"
"['<s>', 'love,', 'food', '</s>']","['<s>', 'love,', 'food', 'kitchen', '</s>']"
"['<s>', 'wonderfully', 'warm', 'personality', '</s>']","['<s>', 'very', 'warm', 'personality', '</s>']"
"['<s>', 'air', '</s>']","['<s>', 'air,', 'barely,', 'room', '</s>']"
"['<s>', 'great', 'glass,', 'wine', '</s>']","['<s>', 'absolute,', 'great', 'glass,', 'wine', '</s>']"
"['<s>', 'good', 'place,', 'quick', '</s>']","['<s>', 'good', 'place,', 'quick', 'drink,', 'bite', '</s>']"
"['<s>', 'eat,', 'soggy', '</s>']","['<s>', 'eat,', 'cold,', 'soggy', '</s>']"
"['<s>', 'ridiculous', '</s>']","['<s>', 'noise,', 'ridiculous', '</s>']"
"['<s>', 'rude', '</s>']","['<s>', 'rude,', 'tasteless', 'food', '</s>']"
"['<s>', 'regret', '</s>']","['<s>', 'awful,', 'regret', '</s>']"
"['<s>', 'refused', '</s>']","['<s>', 'mein,', 'refused', '</s>']"
"['<s>', 'mediocre', '</s>']","['<s>', 'awful,', 'food,', 'mediocre', '</s>']"
"['<s>', 'cute', '</s>']","['<s>', 'bill,', 'so', 'cute,', 'sweet,', 'amazing', 'artist', '</s>']"
"['<s>', 'wish,', 'star', '</s>']","['<s>', 'star', '</s>']"
"['<s>', 'loud', '</s>']","['<s>', 'loud', 'voice,', 'no', '</s>']"
"['<s>', 'never', 'eat,', 'ownership', '</s>']","['<s>', 'never', 'eat,', 'bad', '</s>']"
"['<s>', 'most', 'amazing', '</s>']","['<s>', 'is,', 'most', 'amazing', '</s>']"
"['<s>', 'table', '</s>']","['<s>', 'eating,', 'table', '</s>']"
"['<s>', 'husband,', 'menu', '</s>']","['<s>', 'walk,', 'menu,', 'bar,', 'lunch', '</s>']"
"['<s>', 'recommend', '</s>']","['<s>', 'highly', 'recommend,', 'place', '</s>']"
"['<s>', 'exceptional', '</s>']","['<s>', 'quality,', 'food,', 'exceptional', '</s>']"
"['<s>', 'helped,', 'prescription', 'filled', 'smile', '</s>']","['<s>', 'waited,', 'helped,', 'smile', '</s>']"
"['<s>', 'dish', '</s>']","['<s>', 'dish,', 'bland,', 'tasteless', '</s>']"
"['<s>', 'love,', 'place', '</s>']","['<s>', 'absolutely', 'love,', 'place', '</s>']"
"['<s>', 'love,', 'store', '</s>']","['<s>', 'plus,', 'store,', 'love,', 'about', '</s>']"
"['<s>', 'cars', '</s>']","['<s>', 'great', 'selection,', 'cars,', 'cars', '</s>']"
"['<s>', 'family', 'very', 'friendly', '</s>']","['<s>', 'family', 'friendly', 'very', 'clean', 'nice', 'place,', 'cut', '</s>']"
"['<s>', 'elsewhere,', 'flower', 'arrangements', '</s>']","['<s>', 'elsewhere', '</s>']"
"['<s>', 'is,', 'best,', 'office', '</s>']","['<s>', 'office', 'is,', 'best', '</s>']"
"['<s>', 'sorry,', 'not', '</s>']","['<s>', 'sorry', 'not', '</s>']"
"['<s>', 'walking,', 'tube,', 'water', '</s>']","['<s>', 'water', '""nt""', '</s>']"
"['<s>', 'love,', 'bar,', 'variety,', 'nuts', '</s>']","['<s>', 'love,', 'bar', '</s>']"
"['<s>', 'repeated', '</s>']","['<s>', 'drive,', 'repeated', '</s>']"
"['<s>', 'excited,', 'back', '</s>']","['<s>', 'excited,', 'back,', 'place', '</s>']"
"['<s>', 'horrible,', 'food', '</s>']","['<s>', 'horrible,', 'food,', 'bland', '</s>']"
"['<s>', 'love,', 'store', '</s>']","['<s>', 'plus,', 'store,', 'love,', 'about', '</s>']"
"['<s>', 'horrible', 'treatment,', 'car', 'wash', '</s>']","['<s>', 'horrible', 'job,', 'car', 'wash', '</s>']"
"['<s>', 'cold,', 'cold', '</s>']","['<s>', 'food,', 'disgusting,', 'raw', 'chicken,', 'cold,', 'soggy', '</s>']"
"['<s>', 'complex,', 'clean,', 'quiet', '</s>']","['<s>', 'quiet,', 'clean,', 'nice', '</s>']"
"['<s>', 'fun,', 'exciting,', 'kids', '</s>']","['<s>', 'good,', 'clean', 'fun,', 'kids,', 'ages', '</s>']"
"['<s>', 'go', 'back', '</s>']","['<s>', 'place', 'is', 'great,', 'go', 'back', '</s>']"
"['<s>', 'tons,', 'new,', 'bikes,', 'great,', '!', '</s>']","['<s>', 'new,', 'great', '</s>']"
"['<s>', 'die', '</s>']","['<s>', 'seems,', 'die', '</s>']"
"['<s>', 'not', '</s>']","['<s>', 'not,', 'returning', '</s>']"
"['<s>', 'diner', '</s>']","['<s>', 'food,', 'diner', 'food,', 'forgettable', '</s>']"
"['<s>', 'car', '</s>']","['<s>', 'car,', 'good', '</s>']"
"['<s>', 'gross', 'ingredients,', 'barely', '</s>']","['<s>', 'water,', 'barely', '</s>']"
"['<s>', 'great', 'beer', 'selection', '</s>']","['<s>', 'super', 'friendly,', 'great', 'beer', 'selection', '</s>']"
"['<s>', 'highly', 'recommend,', 'place,', 'lunch,', 'dinner', '</s>']","['<s>', 'highly', 'recommend,', 'place,', 'lunch', '</s>']"
"['<s>', 'happy', '</s>']","['<s>', 'happy', 'eats', '</s>']"
"['<s>', 'highly', 'recommend,', 'business', '</s>']","['<s>', 'future', 'business,', 'highly', 'recommend', '</s>']"
"['<s>', 'apology', '</s>']","['<s>', 'apology,', 'serving,', 'vacation,', 'nothing', '</s>']"
"['<s>', 'stars', '</s>']","['<s>', 'stars,', 'portions', '</s>']"
"['<s>', 'nails', 'trimmed', '</s>']","['<s>', 'dog,', 'nails', 'trimmed', '</s>']"
"['<s>', 'pizza,', 'very', 'delicious', '</s>']","['<s>', 'pizza,', 'is', 'very', 'delicious,', '!', '</s>']"
"['<s>', 'steak,', 'bit', 'dry', '</s>']","['<s>', 'steak,', 'bit', 'dry,', 'overcooked,', 'flavor', 'delicate', '</s>']"
"['<s>', 'always', 'great,', 'food', '</s>']","['<s>', 'always', 'great', 'food', '</s>']"
"['<s>', 'rip', '</s>']","['<s>', 'club,', 'rip', '</s>']"
"['<s>', 'place,', 'star', '</s>']","['<s>', 'sorry,', 'star,', 'place', '</s>']"
"['<s>', 'meal,', 'not', '</s>']","['<s>', 'loss,', 'not,', 'dollar', 'meal', '</s>']"
"['<s>', 'bar', '</s>']","['<s>', 'love,', 'bar', '</s>']"
"['<s>', 'place,', 'star', '</s>']","['<s>', 'sorry,', 'star,', 'place', '</s>']"
"['<s>', 'kind', '</s>']","['<s>', 'favorite,', 'kind,', 'food', '</s>']"
"['<s>', 'disappointed,', 'hungry', '</s>']","['<s>', 'needless,', 'hungry', 'disappointed', '</s>']"
"['<s>', 'partner,', 'dinner', '</s>']","['<s>', 'dinner', 'partner,', 'chicken', '</s>']"
"['<s>', 'impressed,', 'great', 'value', '</s>']","['<s>', 'great', 'wall,', 'excellent', 'value', '</s>']"
"['<s>', 'stopped,', 'sandwich,', 'beer,', 'game', '</s>']","['<s>', 'stopped,', 'baseball', 'game', '</s>']"
"['<s>', 'friend,', 'spicy,', 'better', '</s>']","['<s>', 'friend,', 'spicy,', 'rainbow', 'roll', '</s>']"
"['<s>', 'great', 'store', '</s>']","['<s>', 'store,', 'great', '</s>']"
"['<s>', 'atmosphere,', 'casual,', 'food,', 'tasty', 'reasonable', '</s>']","['<s>', 'tasty', 'food,', 'casual', 'atmosphere', '</s>']"
"['<s>', 'does,', 'animals', '</s>']","['<s>', 'animals', 'seemed,', 'happy', '</s>']"
"['<s>', 'love', '</s>']","['<s>', 'fell,', 'love,', 'atmosphere', 'great', '</s>']"
"['<s>', 'slow', '</s>']","['<s>', 'bomb,', 'slow', '</s>']"
"['<s>', 'beverage,', 'empty', '</s>']","['<s>', 'empty', '</s>']"
"['<s>', 'hot,', 'plus', '</s>']","['<s>', 'plus,', 'stuck,', 'hot,', 'pizza', '</s>']"
"['<s>', 'is,', 'solid', 'hot', 'dog', '</s>']","['<s>', 'is,', 'best', 'hot', 'dog', '</s>']"
"['<s>', 'beautifully,', 'absolutely', 'delicious', '</s>']","['<s>', 'fresh,', 'absolutely', 'delicious', '</s>']"
"['<s>', 'star', 'experience', '</s>']","['<s>', 'stay,', 'star', 'experience', '</s>']"
"['<s>', 'went', '</s>']","['<s>', 'went', 'back,', 'weekend', '</s>']"
"['<s>', 'absolutely', 'love,', 'place', '</s>']","['<s>', 'absolutely', 'love', 'this', 'place,', '!', '</s>']"
"['<s>', 'fabulous,', 'facial', '</s>']","['<s>', 'facial,', 'fabulous,', '!', '</s>']"
"['<s>', 'great', 'food,', 'excellent', '</s>']","['<s>', 'excellent,', 'food,', 'great', 'service,', 'friendly', '</s>']"
"['<s>', 'memories,', 'fond', '</s>']","['<s>', 'fond', 'memories,', 'place,', 'kid', '</s>']"
"['<s>', 'underwhelming', '</s>']","['<s>', 'dry,', 'underwhelming', '</s>']"
"['<s>', 'hole,', 'wall', '</s>']","['<s>', 'hole,', 'wall,', 'crack', '</s>']"
"['<s>', 'popcorn,', 'always', 'amazing,', 'fresh', '</s>']","['<s>', 'amazing,', 'meat', 'fresh,', 'always', 'tasty', '</s>']"
"['<s>', 'flight,', 'rude,', 'unpleasant', '</s>']","['<s>', 'rude,', 'unpleasant,', 'bad', '</s>']"
"['<s>', 'flight,', 'delayed,', 'flight', '</s>']","['<s>', 'delayed,', 'caused,', 'flight', '</s>']"
"['<s>', 'delayed', '</s>']","['<s>', 'flight,', 'delayed,', 'crew', '</s>']"
"['<s>', 'spicy,', 'chicken,', 'amazing', '</s>']","['<s>', 'is', 'amazing,', 'spicy', 'chicken', '</s>']"
"['<s>', 'sweet', '</s>']","['<s>', 'sweet', 'service', '</s>']"
"['<s>', 'counter', '</s>']","['<s>', 'woman,', 'counter,', 'rude', '</s>']"
"['<s>', 'brand', 'ice,', 'delicious', '</s>']","['<s>', 'delicious', 'soft', 'served', 'ice', 'cream', '</s>']"
"['<s>', 'horrible', '</s>']","['<s>', 'horrible,', 'location', '</s>']"
"['<s>', 'tables', 'seated', '</s>']","['<s>', 'bar,', 'tables,', 'seated', '</s>']"
"['<s>', 'soup', '</s>']","['<s>', 'husband,', 'soup,', 'egg', 'roll', '</s>']"
"['<s>', 'great', 'value', '</s>']","['<s>', 'great', 'wall,', 'excellent', 'value', '</s>']"
"['<s>', 'bowl,', 'great,', 'meal', '</s>']","['<s>', 'great', 'meal', '</s>']"
"['<s>', 'place', 'is', 'great', '</s>']","['<s>', 'is,', 'great', 'place', '</s>']"
"['<s>', 'sadly', '</s>']","['<s>', 'sadly', 'disappointed', '</s>']"
"['<s>', 'food,', 'not', 'fresh', '</s>']","['<s>', 'food,', 'worse,', 'dishes,', 'not', 'fresh', '</s>']"
"['<s>', 'great', '</s>']","['<s>', 'great', 'deli,', 'grocery', '</s>']"
"['<s>', 'failed', '</s>']","['<s>', 'problem,', 'failed', '</s>']"
"['<s>', 'stinks,', 'cigarette', 'smoke', '</s>']","['<s>', 'new', 'room', 'stinks,', 'cigarette', 'smoke', 'inside', '</s>']"
"['<s>', 'needs', '</s>']","['<s>', 'needs,', 'get', '</s>']"
"['<s>', 'sorry,', 'lacking', '</s>']","['<s>', 'sorry', '</s>']"
"['<s>', 'is,', 'favorite,', 'shop', '</s>']","['<s>', 'is', 'now,', 'favorite', 'places,', 'shop', '</s>']"
"['<s>', 'stoked,', 'back', '</s>']","['<s>', 'brings,', 'back,', 'childhood', '</s>']"
"['<s>', 'creative', 'ingredients', '</s>']","['<s>', 'menu,', 'creative,', 'ingredients,', 'fresh', '</s>']"
"['<s>', 'dog', '</s>']","['<s>', 'dog,', 'cat', '</s>']"
"['<s>', 'sandwich,', 'chicken', '</s>']","['<s>', 'chicken', 'sandwich', '</s>']"
"['<s>', 'beyond', '</s>']","['<s>', 'beyond,', 'pleasant', '</s>']"
"['<s>', 'parents,', 'anniversary', '</s>']","['<s>', 'parents', '</s>']"
"['<s>', 'extra', 'key,', 'charge', '</s>']","['<s>', 'extra', 'charge,', 'card', '</s>']"
"['<s>', 'bad', 'product', '</s>']","['<s>', 'bad', 'product,', 'bad,', 'away', '</s>']"
"['<s>', 'nice,', 'ball', '</s>']","['<s>', 'nice', 'selection', '</s>']"
"['<s>', 'not', '</s>']","['<s>', 'not,', 'returning', '</s>']"
"['<s>', 'love,', 'place,', '!', '</s>']","['<s>', 'absolutely', 'love,', 'place', '</s>']"
"['<s>', 'love,', 'place,', 'food,', 'great,', 'price', '</s>']","['<s>', 'great', 'atmosphere,', 'delicious', 'food', 'love,', 'place,', '!', '</s>']"
"['<s>', 'valentine,', 'delivery,', 'wife', '</s>']","['<s>', 'wife,', 'love,', 'place', '</s>']"
"['<s>', 'fantastic', '</s>']","['<s>', 'fantastic,', '!', '</s>']"
"['<s>', 'dull,', 'clueless', '</s>']","['<s>', 'clueless', '</s>']"
"['<s>', 'sad,', 'no', '</s>']","['<s>', 'interior,', 'sad,', 'chicken,', 'no', '</s>']"
"['<s>', 'fantastic,', 'friendly,', 'food,', 'great', '</s>']","['<s>', 'great', 'friendly', 'service,', 'food,', 'fantastic', '</s>']"
"['<s>', 'pleased', '</s>']","['<s>', 'tables,', 'pleased', '</s>']"
"['<s>', 'disappointed,', 'experience', '</s>']","['<s>', 'experience,', 'disappointed', '</s>']"
"['<s>', '""nt""', '</s>']","['<s>', 'terrible', '</s>']"
"['<s>', 'worst', '</s>']","['<s>', 'hotel,', 'worst,', 'felt', '</s>']"
"['<s>', 'excellent,', '!', '</s>']","['<s>', 'excellent', '</s>']"
"['<s>', 'spell', '</s>']","['<s>', 'frustrated,', 'spell', '</s>']"
